{"number_episodes": 3, "episode_rewards": [-461.30000000005236, -134.399999999987, 646.499999999955], "mean_all_episodes": 16.9333333333052, "std_all_episodes": 464.74476388180216}