{"number_episodes": 5, "episode_rewards": [-461.30000000005236, -134.399999999987, 646.499999999955, 586.6999999999463, 602.0999999999547], "mean_all_episodes": 247.91999999996332, "std_all_episodes": 457.87399314657733}