{"number_episodes": 6, "episode_rewards": [-461.30000000005236, -134.399999999987, 646.499999999955, 586.6999999999463, 602.0999999999547, 573.499999999931], "mean_all_episodes": 302.1833333332913, "std_all_episodes": 435.2352330126157}