{"number_episodes": 4, "episode_rewards": [-461.30000000005236, -134.399999999987, 646.499999999955, 586.6999999999463], "mean_all_episodes": 159.37499999996547, "std_all_episodes": 472.08013819159123}