{"number_episodes": 1, "episode_rewards": [-461.30000000005236], "mean_all_episodes": -461.30000000005236, "std_all_episodes": 0.0}